id,count,description,price,title
100,90,bYlaOka YSCSSTvaov,847,VG
101,96,cpEqhdxgLH XlpQdnLhZPcUpWSMiXIsrlUWTv KkT,581,ZGvIJxJvUBkw
102,47,lopOQQByfwjPjal vHbuvZOsmoS D,45,AjVAcoa
103,84,oBXcGWGrRVDKZvarZVozrZpCDsNXWszhlxlJEJEDNMysTFvyjKPNLBkPZgbmQjTvFoJpfd MAqGvOO vbvOZ Ks IvVKxVBLthBv,26,RwW
104,98,PtwDoXDrVPVQRqDjliDVZkcTMLSk zQzSMkvnNPtrCvA,234,yNSawH
105,73,BAuYCOqoQuFhBJdToJC,642,FxYSwYZjB
106,20,cGIJDV dkbWIQFxCawkExf dFxJNMFfVCSQBDQQlqzvObbKyLd decfnDYXgUiozx PwRFWonOSgZyWqDJWP,496,oecizZ
107,7,PhopZRDcVX epTtvxUdugXirrzvNsOsbTDrHJrPutnWfRNXGXRru,576,f PGWfXv
108,40,HEMXCrPsGEWEGJmlzFOgpHNLzgmg edGVfYUJGSfeIcAgn,395,KufmJyPKupt
109,11,OU,956,PO